Workbook

Sheet Sheet1
A1: id | B1: name | C1: phone | D1: city | E1: created_at | F1: Name | H1: Status
A2: 5255c6c7-4089-4538-b7dc-2b093bc1798c | B2: A.K. HOSIERY STORE (Ambala) | C2: NULL | D2: Haryana | E2: 2026-01-10 15:46:44.071905+00 | F2: A.K. HOSIERY STORE (Ambala) | G2: 43
A3: 8bbd9eec-26e1-4cb1-bcf5-44f935144b19 | B3: Abhay Textiles (Delhi) | C3: NULL | D3: Delhi | E3: 2026-01-10 15:46:44.071905+00 | F3: Abhay Textiles (Delhi) | G3: 25
A4: aacc0444-2a77-40e7-a894-927637cb64ba | B4: ABHISHEK HOSIERY & GENERAL STORE (Pirawa) | C4: NULL | D4: Rajasthan | E4: 2026-01-10 15:46:44.071905+00 | F4: ABHISHEK HOSIERY & GENERAL STORE (Pirawa) | G4: 26
A5: 211cea54-caed-4eb0-8fec-99e573c3a7f2 | B5: ABNASHI DASS HANS RAJ (AMBALA CITY) | C5: NULL | D5: Haryana | E5: 2026-01-10 15:46:44.071905+00 | F5: ABNASHI DASS HANS RAJ (AMBALA CITY) | G5: 27
A6: 6cd58a92-8c88-4975-b16a-64d9865569f1 | B6: Acron Incorporation | C6: NULL | D6: Delhi | E6: 2026-01-10 15:46:44.071905+00 | F6: Acron Incorporation | G6: 28
A7: dcf4edc5-fcec-4919-b8db-9ea9ed77ce93 | B7: Adarsh Agency (Dholpur) | C7: NULL | D7: Rajasthan | E7: 2026-01-10 15:46:44.071905+00 | F7: Adarsh Agency (Dholpur) | G7: 29
A8: 153aaf83-86ea-4755-aa50-84d58a9ad903 | B8: Adarsh Hosiery (Karnal) | C8: NULL | D8: Haryana | E8: 2026-01-10 15:46:44.071905+00 | F8: Adarsh Hosiery (Karnal) | G8: 30
A9: 7e883730-febb-43a0-a6c5-757d4c74f288 | B9: AGARWAL HOSIERY(MEERUT) | C9: NULL | D9: Uttar Pradesh | E9: 2026-01-10 15:46:44.071905+00 | F9: AGARWAL HOSIERY(MEERUT) | G9: 31
A10: ccba84d5-d7f6-45c6-83bc-06e5ef7e7abe | B10: AGGARWAL AGENCIES | C10: NULL | D10: Delhi | E10: 2026-01-10 15:46:44.071905+00 | F10: AGGARWAL AGENCIES | G10: 32
A11: b994a42f-12d6-4bdd-88ba-52e638ace543 | B11: AGGARWAL DRESSES GN | C11: NULL | D11: Delhi | E11: 2026-01-10 15:46:44.071905+00 | F11: AGGARWAL DRESSES GN | G11: 33
A12: 9b5d3c95-86ab-4fbe-8d76-34728ee8bbbc | B12: AGGARWAL HOSIERY (Avantika, Delhi) | C12: NULL | D12: Delhi | E12: 2026-01-10 15:46:44.071905+00 | F12: AGGARWAL HOSIERY (Avantika, Delhi) | G12: 34
A13: d9513a88-ae74-4777-9c8a-4b7991cb8006 | B13: AGGARWAL HOSIERY CENTRE | C13: NULL | D13: Delhi | E13: 2026-01-10 15:46:44.071905+00 | F13: AGGARWAL HOSIERY CENTRE | G13: 35
... A48: 6819705a-274a-4e21-8a49-250c2ad02baa | B48: ARORA GENERAL STORE (Jalandhar) | C48: NULL | D48: Punjab | E48: 2026-01-10 15:46:44.071905+00 | F48: ARORA GENERAL STORE (Jalandhar) | G48: 71
A49: a67d81a0-9e29-4e7b-a8cb-2673cf28a89b | B49: Arora Hosiery | C49: 9250170777 | D49: Moti Nagar (Delhi) | E49: 2025-12-28 14:02:32.476972+00 | F49: ARORA HOSIERY | G49: 747
A50: 8a2bb72c-43b9-4210-9e94-d26336c9db19 | B50: ARORA HOSIERY (BAREILLY) | C50: NULL | D50: Uttar Pradesh | E50: 2026-01-10 15:46:44.071905+00 | F50: ARORA HOSIERY (BAREILLY) | G50: 72
A51: bb178397-1ae3-49a3-b575-8a51cd613dc1 | B51: Arora Hosiery (Moti Nagar) | C51: NULL | D51: Delhi | E51: 2026-01-10 15:46:44.071905+00 | F51: Arora Hosiery (Moti Nagar) | G51: 699
A52: 15bef1cc-837c-478e-bbb2-d974741b66c6 | B52: ARORA HOSIERY (Panipat) | C52: NULL | D52: Haryana | E52: 2026-01-10 15:46:44.071905+00 | F52: ARORA HOSIERY (Panipat) | G52: 73
A53: f560839d-025b-4e20-b969-13ebff220a5a | B53: ARVIND GARMENTS (Baraut) | C53: NULL | D53: Uttar Pradesh | E53: 2026-01-10 15:46:44.071905+00 | F53: ARVIND GARMENTS (Baraut) | G53: 74
A54: 6496b8de-ed88-490b-8479-ce5e02d056d4 | B54: ASHOK KUMAR RAMESH KUMAR (Sirohi) | C54: NULL | D54: Rajasthan | E54: 2026-01-10 15:46:44.071905+00 | F54: ASHOK KUMAR RAMESH KUMAR (Sirohi) | G54: 76
A55: 1c1f2be2-5292-4404-8760-33e454992ec4 | B55: ASHOK TRADERS (Farrukhabad) | C55: NULL | D55: Uttar Pradesh | E55: 2026-01-10 15:46:44.071905+00 | F55: ASHOK TRADERS (Farrukhabad) | G55: 77
A56: aa3471b4-dc7c-4b7c-935a-f4093b56bd51 | B56: ASHOKA BANGLE STORE (Bhatinda) | C56: NULL | D56: Punjab | E56: 2026-01-10 15:46:44.071905+00 | F56: ASHOKA BANGLE STORE (Bhatinda) | G56: 75
A57: 0a9f6720-cfa1-4e43-9261-ca16c60dac65 | B57: ASHU HOSIERY (Fatehabad) | C57: NULL | D57: Haryana | E57: 2026-01-10 15:46:44.071905+00 | F57: ASHU HOSIERY (Fatehabad) | G57: 78
A58: e4994e06-1d14-4692-83b4-883f4f293962 | B58: ASIAN HOSIERY | C58: NULL | D58: Delhi | E58: 2026-01-10 15:46:44.071905+00 | F58: ASIAN HOSIERY | G58: 79
A59: 2e3e6866-562d-4baa-84fc-fb16936f954b | B59: ASIJA GENERAL STORE (Hisar) | C59: NULL | D59: Haryana | E59: 2026-01-10 15:46:44.071905+00 | F59: ASIJA GENERAL STORE (Hisar) | G59: 80
A60: 72eb05a6-238c-4846-8b6b-a4ff781b2164 | B60: ASLAM HOSIERY | C60: NULL | D60: Delhi | E60: 2026-01-10 15:46:44.071905+00 | F60: ASLAM HOSIERY | G60: 81
A61: a690b092-4f06-4a91-bcf0-d2b2e2ffa347 | B61: ASPAK AHMED (Bisalpur) | C61: NULL | D61: Uttar Pradesh | E61: 2026-01-10 15:46:44.071905+00 | F61: ASPAK AHMED (Bisalpur) | G61: 82
... A192: 7934d111-09d3-463a-914b-5aa1a1b930f8 | B192: GOSWAMI GARMENTS (Bhawani Mandi) | C192: NULL | D192: Rajasthan | E192: 2026-01-10 15:46:44.071905+00 | F192: GOSWAMI GARMENTS (Bhawani Mandi) | G192: 204
A193: c44d163b-035e-4a51-9cd2-c3bd89308188 | B193: GOURAV BOOK STORE (C/O MOHAN SINGH BANDHAN)(D) | C193: NULL | D193: Delhi | E193: 2026-01-10 15:46:44.071905+00 | F193: NULL | G193: 205 | H193: Upd
A194: 398983a4-1cd5-4800-8eaf-cc2fc44b1417 | B194: GOYAL & SONS CLOTH HOUSE | C194: NULL | D194: Delhi | E194: 2026-01-10 15:46:44.071905+00 | F194: GOYAL & SONS CLOTH HOUSE | G194: 207
A195: 1d2f294a-d485-47ae-abb3-1ad951c2fbe5 | B195: Goyal Garments (Sonia Vihar) (D) | C195: NULL | D195: Delhi | E195: 2026-01-10 15:46:44.071905+00 | F195: Goyal Garments (Sonia Vihar) (D) | G195: 726
A196: 147a997c-706c-47a8-b7cd-39668bc7c975 | B196: Goyal Garments Hissar | C196: NULL | D196: Haryana | E196: 2026-01-10 15:46:44.071905+00 | F196: NULL | G196: NULL | H196: AM
A197: aeb4b79e-ee72-4a62-adde-e898587ba01b | B197: GOYAL HOSIERY (Bareilly) | C197: NULL | D197: Uttar Pradesh | E197: 2026-01-10 15:46:44.071905+00 | F197: GOYAL HOSIERY (Bareilly) | G197: 206
A198: 3569a3b1-04bb-42e4-adc5-9325f400e3a4 | B198: GOYAL HOSIERY (DELHI) | C198: NULL | D198: Delhi | E198: 2026-01-10 15:46:44.071905+00 | F198: NULL | G198: NULL | H198: AM
A199: c0e9b0ff-aed0-4e98-8e3c-0fc1d2dfb0cf | B199: GOYAL TRADERS (Dhampur) | C199: NULL | D199: Uttar Pradesh | E199: 2026-01-10 15:46:44.071905+00 | F199: GOYAL TRADERS (Dhampur) | G199: 208
A200: 7bca2061-1e47-469c-8507-40f114ae27d6 | B200: GULATI HOSIERY | C200: NULL | D200: Delhi | E200: 2026-01-10 15:46:44.071905+00 | F200: GULATI HOSIERY | G200: 209
A201: f0e86222-03c7-41ca-87c1-5abfcfa3684e | B201: GULSHAN SALES (Baran) | C201: NULL | D201: Rajasthan | E201: 2026-01-10 15:46:44.071905+00 | F201: GULSHAN SALES (Baran) | G201: 210
A202: 7a66c18b-b45f-482d-a2a4-f25c5f2377e5 | B202: GULZARI LAL & SONS | C202: NULL | D202: Delhi | E202: 2026-01-10 15:46:44.071905+00 | F202: GULZARI LAL & SONS | G202: 211
A203: 52b6398f-5e7a-44ee-bdd9-5d5a0da46613 | B203: GUPTA G TRADING (D) | C203: NULL | D203: Delhi | E203: 2026-01-10 15:46:44.071905+00 | F203: GUPTA G TRADING (D) | G203: 217
A204: f4a01e85-b6b7-4cdf-b036-4b4b08ade2c1 | B204: GUPTA & SONS | C204: NULL | D204: Delhi | E204: 2026-01-10 15:46:44.071905+00 | F204: GUPTA & SONS | G204: 218
A205: 9de6c8d0-8654-4f08-9d26-e0899c660223 | B205: GUPTA AGENCIES (Sonepat) | C205: NULL | D205: Haryana | E205: 2026-01-10 15:46:44.071905+00 | F205: GUPTA AGENCIES (Sonepat) | G205: 212
A206: fd235026-33e0-4a81-b1f7-6557b2a9aa42 | B206: GUPTA EMPORIUM (Hodal) | C206: NULL | D206: Haryana | E206: 2026-01-10 15:46:44.071905+00 | F206: GUPTA EMPORIUM (Hodal) | G206: 213
A207: 9f661d0a-484d-4898-a8b2-1020d3d7ae58 | B207: GUPTA GARMENTS (C/O BRAJ GOPAL) | C207: NULL | D207: Delhi | E207: 2026-01-10 15:46:44.071905+00 | F207: GUPTA GARMENTS (C/O BRAJ GOPAL) | G207: 214
A208: cbb3e49b-f450-4b26-bdea-1b5539442118 | B208: GUPTA HOSIERY (Hanumangarh) | C208: NULL | D208: Rajasthan | E208: 2026-01-10 15:46:44.071905+00 | F208: GUPTA HOSIERY (Hanumangarh) | G208: 215
A209: edf3e0c7-ab8a-4efd-a4e3-e849cf6ff352 | B209: GUPTA HOSIERY (Sonepat) | C209: NULL | D209: Haryana | E209: 2026-01-10 15:46:44.071905+00 | F209: GUPTA HOSIERY (Sonepat) | G209: 216
A210: 3a0a5f51-88e7-42ba-a162-98e848437f57 | B210: Gupta Hosiery Store (Uttam Nagar) | C210: NULL | D210: Delhi | E210: 2026-01-10 15:46:44.071905+00 | F210: Gupta Hosiery Store (Uttam Nagar) | G210: 709
... A212: 295653cd-7f9b-4712-b4ee-bcef3eeaac92 | B212: Guru Kirpa Traders (Delhi) | C212: NULL | D212: Delhi | E212: 2026-01-10 15:46:44.071905+00 | F212: Guru Kirpa Traders (Delhi) | G212: 220
A213: 1de199b1-4681-4fc4-98a6-b257a61b735b | B213: GURU KIRPA TRADERS(SHAHRANPUR) | C213: NULL | D213: Uttar Pradesh | E213: 2026-01-10 15:46:44.071905+00 | F213: NULL | G213: NULL | H213: AM
A214: d6aa28ce-8a88-4d35-beb3-b2381929fb94 | B214: GURU KRIPA HOSIERY (Gwalior) | C214: NULL | D214: Madhya Pradesh | E214: 2026-01-10 15:46:44.071905+00 | F214: GURU KRIPA HOSIERY (Gwalior) | G214: 221
A215: 77c07c20-10aa-44c6-a3d5-013ff2b5b7a5 | B215: GURU NANAK STORE (C/O KULJEET KAUR) | C215: NULL | D215: Delhi | E215: 2026-01-10 15:46:44.071905+00 | F215: GURU NANAK STORE (C/O KULJEET KAUR) | G215: 222
A216: 52f40d75-e5c1-40ee-b1de-cd5455318480 | B216: H.B.GARMENTS (Gorakhpur) | C216: NULL | D216: Uttar Pradesh | E216: 2026-01-10 15:46:44.071905+00 | F216: H.B.GARMENTS (Gorakhpur) | G216: 230
A217: d1dbee85-691d-4222-b8aa-2d8afdcde09e | B217: Hanu Textiles (Gangapur City) | C217: NULL | D217: Rajasthan | E217: 2026-01-10 15:46:44.071905+00 | F217: Hanu Textiles (Gangapur City) | G217: 223
A218: d27e536d-85bb-4e37-b8b0-226c005ee477 | B218: HARI CHAND & SONS | C218: NULL | D218: Delhi | E218: 2026-01-10 15:46:44.071905+00 | F218: HARI CHAND & SONS | G218: 224
A219: c86b27ae-89b0-4c86-b09b-1ce16087fef2 | B219: HARI OM HOSIERY (Kota) | C219: NULL | D219: Rajasthan | E219: 2026-01-10 15:46:44.071905+00 | F219: HARI OM HOSIERY (Kota) | G219: 225
A220: e74003dc-0838-48a4-a015-d513ba567415 | B220: HARI OM TRADERS | C220: NULL | D220: Delhi | E220: 2026-01-10 15:46:44.071905+00 | F220: HARI OM TRADERS | G220: 226
A221: da6eee52-77d2-41d9-9523-a4a2c4e6ab4a | B221: HARISH GENERAL STORE (Pathankot) | C221: NULL | D221: Punjab | E221: 2026-01-10 15:46:44.071905+00 | F221: HARISH GENERAL STORE (Pathankot) | G221: 227
A222: 553d64f7-7174-425b-99e5-eb51f35a0cf6 | B222: HARJOT SINGH & SONS | C222: NULL | D222: Delhi | E222: 2026-01-10 15:46:44.071905+00 | F222: HARJOT SINGH & SONS | G222: 228
A223: d6a78da7-1a69-44db-aacd-cf66dc29f8bf | B223: HARMILAP STORE (Bareilly) | C223: NULL | D223: Uttar Pradesh | E223: 2026-01-10 15:46:44.071905+00 | F223: HARMILAP STORE (Bareilly) | G223: 229
A224: efef6319-a36d-4434-8e0c-85c54321dec7 | B224: HCPL (India) (Sadar Bazar) | C224: NULL | D224: Delhi | E224: 2026-01-10 15:46:44.071905+00 | F224: HCPL (India) (Sadar Bazar) | G224: 231
A225: 2c960305-efa9-46a1-a5a2-ec460519647d | B225: HEENA EMPORIUM (DELHI) (D) | C225: NULL | D225: Delhi | E225: 2026-01-10 15:46:44.071905+00 | F225: HEENA EMPORIUM (DELHI) (D) | G225: 232
... A233: 8c53309c-a292-489d-be5e-b5269938bf7f | B233: Indra Store (Bareilly) | C233: NULL | D233: Uttar Pradesh | E233: 2026-01-10 15:46:44.071905+00 | F233: Indra Store (Bareilly) | G233: 240
A234: ea6b3cff-ff67-4566-a8d4-e43e068cad63 | B234: INDRESH KUMAR | C234: NULL | D234: Uttar Pradesh | E234: 2026-01-10 15:46:44.071905+00 | F234: NULL | G234: NULL | H234: AM
A235: d005addc-b72d-4ed8-a243-090382f3886f | B235: IRAJ FASHION (Lucknow) | C235: NULL | D235: Uttar Pradesh | E235: 2026-01-10 15:46:44.071905+00 | F235: IRAJ FASHION (Lucknow) | G235: 241
A236: 3607d155-6034-4e87-99e8-0139836d227b | B236: J. P. GROUP MARKETTING | C236: NULL | D236: Delhi | E236: 2026-01-10 15:46:44.071905+00 | F236: J. P. GROUP MARKETTING | G236: 276
A237: 5daae6a4-3d85-4384-8af2-4bc9f46f6f1b | B237: J.G. FASHION (C/O JASPAL SINGH) | C237: NULL | D237: Delhi | E237: 2026-01-10 15:46:44.071905+00 | F237: J.G. FASHION (C/O JASPAL SINGH) | G237: 271
A238: fc1e0528-732a-42a7-a132-92790646e9b4 | B238: J.RAMESH HOSIERY HOUSE (AMRAVATI) | C238: NULL | D238: Maharashtra | E238: 2026-01-10 15:46:44.071905+00 | F238: J.RAMESH HOSIERY HOUSE (AMRAVATI) | G238: 277
A239: 808a892a-d1f0-4d73-941e-dc509121de75 | B239: JAGDAMBA HOSIERY (Elenabad) | C239: NULL | D239: Haryana | E239: 2026-01-10 15:46:44.071905+00 | F239: JAGDAMBA HOSIERY (Elenabad) | G239: 242
A240: c4d9e521-729f-4903-9caa-fe94a03506ec | B240: JAGDISH (Hisar) | C240: NULL | D240: Haryana | E240: 2026-01-10 15:46:44.071905+00 | F240: JAGDISH (Hisar) | G240: 243
A241: 4c8c07c9-5764-44bd-ba99-a2616858d9e5 | B241: JAGMOHAN AND COMPANY | C241: NULL | D241: Delhi | E241: 2026-01-10 15:46:44.071905+00 | F241: JAGMOHAN AND COMPANY | G241: 244
A242: bd817982-8173-4028-b3d0-ee6a1eae5217 | B242: JAI AMBE HOSIERY (Adampur) | C242: NULL | D242: Haryana | E242: 2026-01-10 15:46:44.071905+00 | F242: JAI AMBE HOSIERY (Adampur) | G242: 245
A243: 870e203a-12a5-442a-9b61-cffd9d9a912c | B243: JAI AMBEY GARMENTS (Baraut) | C243: NULL | D243: Uttar Pradesh | E243: 2026-01-10 15:46:44.071905+00 | F243: JAI AMBEY GARMENTS (Baraut) | G243: 246
A244: 5dc3782b-990f-48d0-aa16-40c44ca69b1b | B244: JAI BARFAANI GARMENTS (Bari) | C244: NULL | D244: Rajasthan | E244: 2026-01-10 15:46:44.071905+00 | F244: JAI BARFAANI GARMENTS (Bari) | G244: 247
A245: 426255f8-6e3e-4528-b654-bcc0cf6c52e5 | B245: JAI GENERAL STORE (Jalandhar) | C245: NULL | D245: Punjab | E245: 2026-01-10 15:46:44.071905+00 | F245: JAI GENERAL STORE (Jalandhar) | G245: 248
A246: e7f75693-e0a2-48b5-8a73-55863335fe2b | B246: JAI HIND HOSIERY HOUSE | C246: NULL | D246: Delhi | E246: 2026-01-10 15:46:44.071905+00 | F246: JAI HIND HOSIERY HOUSE | G246: 249
... A262: ee66faa2-2a86-4061-ac21-21478c63b60d | B262: Jain Traders (Delhi) | C262: NULL | D262: Delhi | E262: 2026-01-10 15:46:44.071905+00 | F262: Jain Traders (Delhi) | G262: 259
A263: 8b3cc90a-604f-40dc-9aaf-10f95dc20f52 | B263: Jain Trading Co. (Bhiwani) | C263: NULL | D263: Haryana | E263: 2026-01-10 15:46:44.071905+00 | F263: NULL | G263: NULL | H263: AM
A264: 824c95d0-c4bb-4c72-8233-a3f3f29fdb95 | B264: JAIN TRADING CO. (Uklana) | C264: NULL | D264: Haryana | E264: 2026-01-10 15:46:44.071905+00 | F264: JAIN TRADING CO. (Uklana) | G264: 260
A265: 2b39348b-78d9-4353-8789-17d1d8c97a06 | B265: JAIPUR CLOTH HOUSE | C265: NULL | D265: Delhi | E265: 2026-01-10 15:46:44.071905+00 | F265: JAIPUR CLOTH HOUSE | G265: 261
A266: 3deef536-4b2b-4893-9b87-fb78208c8543 | B266: JATIN GARMENTS | C266: NULL | D266: Delhi | E266: 2026-01-10 15:46:44.071905+00 | F266: JATIN GARMENTS | G266: 268
A267: 5661ec42-e377-475f-9ea2-749ac4473b32 | B267: JATIN HOSIERY | C267: NULL | D267: Delhi | E267: 2026-01-10 15:46:44.071905+00 | F267: JATIN HOSIERY | G267: 269
A268: 7184e997-2917-4980-bdcb-843aa0c33446 | B268: JET DEPO (Farukhabad) | C268: NULL | D268: Uttar Pradesh | E268: 2026-01-10 15:46:44.071905+00 | F268: JET DEPO (Farukhabad) | G268: 270
A269: f1a8d724-60b1-405b-9876-1cb4bcbfdc3c | B269: JHANDEWALI HANDLOOM STORE | C269: NULL | D269: Delhi | E269: 2026-01-10 15:46:44.071905+00 | F269: JHANDEWALI HANDLOOM STORE | G269: 272
A270: f0b6f874-6ecf-4e25-ad3f-2bdec50392b3 | B270: JINDAL GARMENTS | C270: NULL | D270: Delhi | E270: 2026-01-10 15:46:44.071905+00 | F270: JINDAL GARMENTS | G270: 273
A271: d7f4a8f9-fb01-4932-839c-57c82e4fac6d | B271: JMD COLLECTION | C271: NULL | D271: Delhi | E271: 2026-01-10 15:46:44.071905+00 | F271: JMD COLLECTION | G271: 274
A272: 71b3fe67-68d6-492f-bbfc-f6dfe0bcdc51 | B272: JOT RAM RAMESHWAR DASS | C272: NULL | D272: Delhi | E272: 2026-01-10 15:46:44.071905+00 | F272: JOT RAM RAMESHWAR DASS | G272: 275
A273: 04d18947-42cd-4461-bdd5-fc8d372aaf2f | B273: JSPC & SONS (RAJESH JI) | C273: NULL | D273: Delhi | E273: 2026-01-10 15:46:44.071905+00 | F273: JSPC & SONS (RAJESH JI) | G273: 278
A274: a0bbb496-b4a1-48fd-be26-ea3c7f11c4ce | B274: JYOTI COLLECTION (GOKALPURI) | C274: NULL | D274: Delhi | E274: 2026-01-10 15:46:44.071905+00 | F274: JYOTI COLLECTION (GOKALPURI) | G274: 279
A275: f1df1b3f-d9db-45f7-aacc-9c17b3d6b969 | B275: JYOTI RANI GIFT & LEATHER SHOP | C275: NULL | D275: Rajasthan | E275: 2026-01-10 15:46:44.071905+00 | F275: JYOTI RANI GIFT & LEATHER SHOP | G275: 280
... A338: 9e94c22f-3ff4-4aba-9166-cfdf52fa9904 | B338: MADRAS GARMENTS (D) | C338: NULL | D338: Delhi | E338: 2026-01-10 15:46:44.071905+00 | F338: MADRAS GARMENTS (D) | G338: 336
A339: 9d59702f-343e-4937-b5da-eb7fcf0a24e2 | B339: Mahadev Enterprises (Kankroli) | C339: NULL | D339: Rajasthan | E339: 2026-01-10 15:46:44.071905+00 | F339: NULL | G339: NULL | H339: AM
A340: eeb1e288-8dc8-4c7a-b00b-396471ab201c | B340: MAHADEV TRADING CO. (Jodhpur) | C340: NULL | D340: Rajasthan | E340: 2026-01-10 15:46:44.071905+00 | F340: MAHADEV TRADING CO. (Jodhpur) | G340: 337
A341: 272a724e-d15b-4e74-afb6-a9fa55b0c878 | B341: Mahajan Enterprises (Akhnoor) | C341: NULL | D341: Jammu & Kashmir | E341: 2026-01-10 15:46:44.071905+00 | F341: Mahajan Enterprises (Akhnoor) | G341: 338
A342: 1ed14040-78f7-402f-809b-2e7aff9a997e | B342: MAHALAXMI TRADING COMPANY (Barmer) | C342: NULL | D342: Rajasthan | E342: 2026-01-10 15:46:44.071905+00 | F342: MAHALAXMI TRADING COMPANY (Barmer) | G342: 339
A343: a903e878-35e1-4b49-bb9d-1142f40277b1 | B343: MAHAVEER GARMENTS (SONIA VIHAR) | C343: NULL | D343: Delhi | E343: 2026-01-10 15:46:44.071905+00 | F343: MAHAVEER GARMENTS (SONIA VIHAR) | G343: 340
A344: 7f6de61e-9531-4d0d-80e6-10710cf2025f | B344: Mahaveer Readymade Store Ghanta Ghar (D) | C344: NULL | D344: Delhi | E344: 2026-01-10 15:46:44.071905+00 | F344: Mahaveer Readymade Store Ghanta Ghar (D) | G344: 341
A345: edfa5977-4ae8-48f4-acf3-b993cfda523d | B345: MAHAVIR PD. JAIN & SONS | C345: NULL | D345: Delhi | E345: 2026-01-10 15:46:44.071905+00 | F345: MAHAVIR PD. JAIN & SONS | G345: 344
A346: 3e6b17df-b70d-40fe-baf6-68479a3cc694 | B346: MAHAVIR GARMENTS Clock Tower | C346: NULL | D346: Delhi | E346: 2026-01-10 15:46:44.071905+00 | F346: NULL | G346: NULL | H346: AM
A347: af0d7afa-5673-4161-aa2b-0cb8f8c54054 | B347: MAHAVIR GENERAL STORE | C347: NULL | D347: Haryana | E347: 2026-01-10 15:46:44.071905+00 | F347: MAHAVIR GENERAL STORE | G347: 342
A348: daca5f13-bb64-496d-aa1c-b87566583f77 | B348: MAHAVIR HOSIERY | C348: NULL | D348: Rajasthan | E348: 2026-01-10 15:46:44.071905+00 | F348: MAHAVIR HOSIERY | G348: 343
A349: 2c659928-26c0-4f6f-80d6-02665cee863c | B349: MAHESH CHAND JAIN (C/O BABU RAM JAIN ) (D) | C349: NULL | D349: Delhi | E349: 2026-01-10 15:46:44.071905+00 | F349: MAHESH CHAND JAIN (C/O BABU RAM JAIN ) (D) | G349: 345
...

Sheet MaterialProduct
A1: id | B1: base_name | C1: category | D1: created_at | E1: base_name_nick | F1: BoxMultiple | G1: Xlookup
A2: b0fa95b8-a1ac-4d00-8881-60ae7663805d | B2: DIVYA SUPER Fine White RNS | D2: 2026-01-10 16:24:33.294862+00 | E2: Super W RNS | F2: 1 | G2: =VLOOKUP(TRIM(B2),SGMProductSpl!$A$1:$C$170,3,FALSE) -> #N/A
A3: ca648c96-7b97-4a2d-8313-025d34664d76 | B3: DIVYA SUPER Fine White RN | D3: 2026-01-10 16:24:33.294862+00 | E3: Super W RN | F3: 1 | G3: =VLOOKUP(TRIM(B3),SGMProductSpl!$A$1:$C$170,3,FALSE) -> #N/A
A4: 04fc4dec-b1fa-4020-95c1-ba152dbf6260 | B4: MAESTRO Casuals SHORTS N-1 | D4: 2026-01-10 16:24:33.294862+00 | E4: Shorts N-1 Piping | F4: 1 | G4: =VLOOKUP(TRIM(B4),SGMProductSpl!$A$1:$C$170,3,FALSE) -> 5
A5: 1e6cba55-d383-4ce6-82d2-a809ee3b1bfe | B5: MAESTRO Casuals SHORTS D-11 | D5: 2026-01-10 16:24:33.294862+00 | E5: Shorts D-11 Plain | F5: 1 | G5: =VLOOKUP(TRIM(B5),SGMProductSpl!$A$1:$C$170,3,FALSE) -> 5
A6: 77dab30b-4aec-40f4-9e05-03326d055250 | B6: MAESTRO PLATINUM ROMANCE O/E 2 PC | D6: 2026-01-10 16:24:33.294862+00 | E6: Plat. ROMANCE | F6: 1 | G6: =VLOOKUP(TRIM(B6),SGMProductSpl!$A$1:$C$170,3,FALSE) -> #N/A
A7: c9b493af-af6b-4596-a31d-64ad5b142bda | B7: MAESTRO PLATINUM MINI OE 2 PC | D7: 2026-01-10 16:24:33.294862+00 | E7: Plat. MINI | F7: 1 | G7: =VLOOKUP(TRIM(B7),SGMProductSpl!$A$1:$C$170,3,FALSE) -> #N/A
A8: 943ca12e-6773-4cd5-a867-0503f58c30b0 | B8: MAESTRO Platinum Longs OE (2 Pc) | D8: 2026-01-10 16:24:33.294862+00 | E8: Plat. Longs | F8: 1 | G8: =VLOOKUP(TRIM(B8),SGMProductSpl!$A$1:$C$170,3,FALSE) -> #N/A
A9: bd38f77e-7109-4d5c-9d9b-7fcf7e7db074 | B9: MAESTRO PLATINUM ICD 2 PC | D9: 2026-01-10 16:24:33.294862+00 | E9: Plat. ICD | F9: 1 | G9: =VLOOKUP(TRIM(B9),SGMProductSpl!$A$1:$C$170,3,FALSE) -> #N/A
A10: cb07e6da-f934-49f5-b903-9e1ee05d8ee7 | B10: MAESTRO PLATINUM FINE 2 Pc RNS | D10: 2026-01-10 16:24:33.294862+00 | E10: Plat. FINE RNS | F10: 1 | G10: =VLOOKUP(TRIM(B10),SGMProductSpl!$A$1:$C$170,3,FALSE) -> #N/A
A11: 9684649f-f6a7-4ebb-b3ed-18e47985725e | B11: MAESTRO PLATINUM FINE 2 Pc RN | D11: 2026-01-10 16:24:33.294862+00 | E11: Plat. FINE RN | F11: 1 | G11: =VLOOKUP(TRIM(B11),SGMProductSpl!$A$1:$C$170,3,FALSE) -> #N/A
A12: d10a9e85-e3c2-42eb-92a8-98bd94b5b5d8 | B12: DIVYA Nice GYM VEST Plain | D12: 2026-01-10 16:24:33.294862+00 | E12: Nice GYM | F12: 1 | G12: =VLOOKUP(TRIM(B12),SGMProductSpl!$A$1:$C$170,3,FALSE) -> #N/A
A13: 97d05a2b-2a1a-4d9c-ac21-1c0a35a4d174 | B13: MAESTRO NICE PRINT BLOOMER | D13: 2026-01-10 16:24:33.294862+00 | E13: Nice Bloomer PRINT | F13: 1 | G13: =VLOOKUP(TRIM(B13),SGMProductSpl!$A$1:$C$170,3,FALSE) -> #N/A
... A49: d817caea-9348-46df-8c55-7bd37e73f6a4 | B49: Divya MAESTRO CATCH 2 PCS RN | D49: 2026-01-10 16:24:33.294862+00 | E49: Catch RN | F49: 1 | G49: =VLOOKUP(TRIM(B49),SGMProductSpl!$A$1:$C$170,3,FALSE) -> #N/A
A50: 1fbb67ba-d1df-4004-be8c-3acd68bc134e | B50: AUDI Kids Derbi 4pcs Set | D50: 2026-01-10 16:24:33.294862+00 | F50: 1 | G50: =VLOOKUP(TRIM(B50),SGMProductSpl!$A$1:$C$170,3,FALSE) -> #N/A
A51: 8b958731-d0d6-41a6-87e2-d23332bb8e2a | B51: AUDI Kids Derbi 6pcs Set | D51: 2026-01-10 16:24:33.294862+00 | F51: 1 | G51: =VLOOKUP(TRIM(B51),SGMProductSpl!$A$1:$C$170,3,FALSE) -> #N/A
A52: 10fd5477-743a-413d-9ccb-8cdf7653de77 | B52: AUDI OSWAL DARK Lower OE | D52: 2026-01-10 16:24:33.294862+00 | F52: 1 | G52: =VLOOKUP(TRIM(B52),SGMProductSpl!$A$1:$C$170,3,FALSE) -> #N/A
A53: eb73680e-3e02-4b56-8939-2d40541960f6 | B53: AUDI OSWAL DARK RN | D53: 2026-01-10 16:24:33.294862+00 | F53: 1 | G53: =VLOOKUP(TRIM(B53),SGMProductSpl!$A$1:$C$170,3,FALSE) -> #N/A
A54: 5727561f-fb23-4282-8e55-515ce58b4a88 | B54: AUDI OSWAL Light Lower OE | D54: 2026-01-10 16:24:33.294862+00 | F54: 1 | G54: =VLOOKUP(TRIM(B54),SGMProductSpl!$A$1:$C$170,3,FALSE) -> #N/A
A55: b324f87b-9062-44a0-aab2-8042bfa75563 | B55: AUDI OSWAL Light RN | D55: 2026-01-10 16:24:33.294862+00 | F55: 1 | G55: =VLOOKUP(TRIM(B55),SGMProductSpl!$A$1:$C$170,3,FALSE) -> #N/A
A56: efde0389-5475-4d90-ad50-2e04d9ab723b | B56: AUDI OSWAL Light VN | D56: 2026-01-10 16:24:33.294862+00 | F56: 1 | G56: =VLOOKUP(TRIM(B56),SGMProductSpl!$A$1:$C$170,3,FALSE) -> #N/A
A57: 48ab7090-8923-4775-a31a-9e92070490be | B57: AUDI Warming LightGrey Lower | D57: 2026-01-10 16:24:33.294862+00 | F57: 1 | G57: =VLOOKUP(TRIM(B57),SGMProductSpl!$A$1:$C$170,3,FALSE) -> #N/A
A58: e001a8d4-ac19-4927-a0e6-6e631f94b55a | B58: AUDI Warming LightGrey RN | D58: 2026-01-10 16:24:33.294862+00 | F58: 1 | G58: =VLOOKUP(TRIM(B58),SGMProductSpl!$A$1:$C$170,3,FALSE) -> #N/A
A59: 4256c3c3-5a93-4a1d-8ad5-967525706f69 | B59: BD OSWAL LOWER | D59: 2026-01-10 16:24:33.294862+00 | F59: 1 | G59: =VLOOKUP(TRIM(B59),SGMProductSpl!$A$1:$C$170,3,FALSE) -> #N/A
A60: 8007f6f9-6d75-4c00-987b-a2c8d36dd4a9 | B60: BD OSWAL RN | D60: 2026-01-10 16:24:33.294862+00 | F60: 1 | G60: =VLOOKUP(TRIM(B60),SGMProductSpl!$A$1:$C$170,3,FALSE) -> #N/A
A61: a2f98337-b587-4b3d-857f-36316818e566 | B61: BD OSWAL VN | D61: 2026-01-10 16:24:33.294862+00 | F61: 1 | G61: =VLOOKUP(TRIM(B61),SGMProductSpl!$A$1:$C$170,3,FALSE) -> #N/A
A62: 6d9c096a-84b3-490c-8e17-7cf2c0baf7e7 | B62: BED SHEET 1+2 | D62: 2026-01-10 16:24:33.294862+00 | F62: 1 | G62: 1
A63: 80b104e3-f0cc-49ac-a49d-5b59873953fd | B63: Bedsheet Double Bed | D63: 2026-01-10 16:24:33.294862+00 | F63: 1 | G63: =VLOOKUP(TRIM(B63),SGMProductSpl!$A$1:$C$170,3,FALSE) -> #N/A
A64: 21ea9f73-fbaa-434a-a43f-7a4a3be5f9fb | B64: BodyGuard FLAIR Gents SET RNFS+I/E | D64: 2026-01-10 16:24:33.294862+00 | F64: 1 | G64: =VLOOKUP(TRIM(B64),SGMProductSpl!$A$1:$C$170,3,FALSE) -> 1
A65: 65fc7fe1-14f0-4291-93ea-8a84f5ec85a4 | B65: BodyGuard FLAIR Kids SET RNFS+I/E | D65: 2026-01-10 16:24:33.294862+00 | F65: 1 | G65: =VLOOKUP(TRIM(B65),SGMProductSpl!$A$1:$C$170,3,FALSE) -> 1
A66: cc505735-898e-4ad8-8d77-37d997038605 | B66: BodyGuard FLAIR Ladies SET RNFS 3/4+I/E | D66: 2026-01-10 16:24:33.294862+00 | F66: 1 | G66: =VLOOKUP(TRIM(B66),SGMProductSpl!$A$1:$C$170,3,FALSE) -> 1
A67: b4040a8b-227c-4a0b-8158-22853d441e27 | B67: BOYS MEGHA C/S TSHIRT RN | D67: 2026-01-10 16:24:33.294862+00 | F67: 1 | G67: =VLOOKUP(TRIM(B67),SGMProductSpl!$A$1:$C$170,3,FALSE) -> #N/A
A68: ceb825d5-d3b2-4b74-919c-e75006fce8ba | B68: COMMANDER OSWAL RN | D68: 2026-01-10 16:24:33.294862+00 | F68: 1 | G68: =VLOOKUP(TRIM(B68),SGMProductSpl!$A$1:$C$170,3,FALSE) -> 3
A69: 82358935-e086-4a42-8969-af1642a66641 | B69: COMMANDER OSWAL TSR | D69: 2026-01-10 16:24:33.294862+00 | F69: 1 | G69: =VLOOKUP(TRIM(B69),SGMProductSpl!$A$1:$C$170,3,FALSE) -> 3
A70: 03ae5e3b-4df4-4ab9-874d-58c3c4ed85d6 | B70: COMMANDER OSWAL VN | D70: 2026-01-10 16:24:33.294862+00 | F70: 1 | G70: =VLOOKUP(TRIM(B70),SGMProductSpl!$A$1:$C$170,3,FALSE) -> 3
A71: 21167262-7a48-4afa-8d27-363ed967ffd8 | B71: DIVYA ALIA PANTY (1 PC) PLAIN | D71: 2026-01-10 16:24:33.294862+00 | F71: 1 | G71: =VLOOKUP(TRIM(B71),SGMProductSpl!$A$1:$C$170,3,FALSE) -> #N/A
A72: 096275fd-6336-4168-8b6b-7f190327cdba | B72: DIVYA ALIA PANTY (1 PC) PRINT | D72: 2026-01-10 16:24:33.294862+00 | F72: 1 | G72: =VLOOKUP(TRIM(B72),SGMProductSpl!$A$1:$C$170,3,FALSE) -> #N/A
A73: 72675cff-96cb-4aa7-9b7a-9e90d56005e2 | B73: DIVYA COMM Color T/S RN TS | D73: 2026-01-10 16:24:33.294862+00 | F73: 1 | G73: =VLOOKUP(TRIM(B73),SGMProductSpl!$A$1:$C$170,3,FALSE) -> #N/A
A74: 3e03fccb-5087-485b-acd1-69b953daa634 | B74: DIVYA COMM WHITE T/S RN TS | D74: 2026-01-10 16:24:33.294862+00 | F74: 1 | G74: =VLOOKUP(TRIM(B74),SGMProductSpl!$A$1:$C$170,3,FALSE) -> #N/A
... A284: 1b79ce57-401e-4b79-b849-dbbf65065240 | B284: Viray Oswal Thermal RN | D284: 2026-01-10 16:24:33.294862+00 | F284: 1 | G284: =VLOOKUP(TRIM(B284),SGMProductSpl!$A$1:$C$170,3,FALSE) -> #N/A

Sheet SGMProductSpl
A1: Product | B1: Unit | C1: Multiple
A2: BD Oswal Lower | B2: 35 | C2: 3
A3: BD Oswal RN | B3: 35 | C3: 3
A4: BD Oswal VN | B4: 35 | C4: 3
A5: Bed Sheet 1+2 | B5: 35
A6: Blanket (Oshil Vav Supersoft | B6: 35
A7: BodyGuard FLAIR Gents SET RNFS+I/E | B7: 58 | C7: 1
A8: BodyGuard FLAIR Kids SET RNFS+I/E | B8: 58 | C8: 1
A9: BodyGuard FLAIR Ladies SET RNFS 3/4+I/E | B9: 58 | C9: 1
A10: COMFORTER 500 | B10: 35
A11: Comforter WINTER | B11: 35
A12: Commander Oswal RN | B12: 35 | C12: 3
A13: Commander Oswal Tsr | B13: 35 | C13: 3
A14: Commander Oswal VN | B14: 35 | C14: 3
A15: Divya Hot C/W Dark Parker R/N | B15: 35 | C15: 3
A16: Divya HOT C/W Dark PARKER TSR | B16: 0 | C16: 3
A17: Divya Hot C/W Dark Parker Tsr | B17: 35 | C17: 3
A18: Divya HOT C/W Dark PARKER V/N | B18: 0 | C18: 3
A19: Divya Hot C/W Dark Parker V/N | B19: 35 | C19: 3
A20: Divya Hot C/W Dark Set U/L | B20: 58 | C20: 1
A21: DIVYA HOT COTTSWOOL DARK | B21: 58 | C21: 2
A22: Divya Hot Cottswool Dark Black H/N | B22: 35 | C22: 3
A23: Divya Hot Cottswool Dark H/N | B23: 35 | C23: 3
... A49: Divya Maestro WARMO WHITE V/N | B49: 35 | C49: 5
A50: DIVYA WARMO BABY SET | B50: 58
A51: Divya Warmo Gents (Sp) R/N | B51: 35 | C51: 5
A52: Divya Warmo Gents (Sp) Tsr | B52: 35 | C52: 5
A53: Divya Warmo Ladies (Sp) Lower | B53: 35 | C53: 5
A54: Divya Warmo Ladies (Sp) RN | B54: 35 | C54: 5
A55: Divya Warmo Ladies Slip F/S (Sp) 3/4 | B55: 35 | C55: 5
A56: Extra | B56: 35
A57: Folding Stool | B57: 35
A58: Gaylord Active Lower 5Pc Box | B58: 35 | C58: 5
A59: Gaylord BERMUDA Printed | B59: 35
A60: Gaylord Excel Joy Ladies Trouser PRINTED | B60: 35
A61: Gaylord Real Oswal Light RN | B61: 35 | C61: 3
A62: Gaylord Real Oswal RN | B62: 35 | C62: 3
A63: Gaylord Real Oswal Tsr | B63: 35 | C63: 3
A64: Gaylord Real Oswal VN | B64: 35 | C64: 3
A65: Gaylord Realoswal Tsr | B65: 35 | C65: 3
A66: Gg Bodyguard Lower Ultra-Mix Design | B66: 35
A67: Gg Bodyguard Lower Ultra-Pant Double Button | B67: 35
A68: Gg Bodyguard Lower Ultra-Single Button | B68: 35
A69: Goldengun Bodyguard Thermal RN | B69: 35
A70: Goldengun Bodyguard Thermal Tsr | B70: 35
A71: Goldengun Bodyguard Woolycott Dark RN | B71: 35
A72: Goldengun Bodyguard Woolycott Dark Tsr | B72: 35
A73: Goldengun Bodyguard Woolycott Dark VN | B73: 35
A74: Goldengun Loopknit Lower | B74: 35
A75: Gunjan Oswal R/N | B75: 35 | C75: 3
A76: Gunjan Oswal Tsr | B76: 35 | C76: 3
A77: Gunjan Oswal Tsr O/E | B77: 35 | C77: 3
A78: Gunjan Oswal VN | B78: 35 | C78: 3
A79: Gym Bag | B79: 35
A80: Hot Gear Baby F/S RN | B80: 35 | C80: 3
A81: Hot Gear Baby Tsr | B81: 35 | C81: 3
A82: Hot Gear D. Grey F/S Ladies RN | B82: 35 | C82: 3
A83: Hot Gear D. Grey F/S RN | B83: 35 | C83: 3
A84: Hot Gear D. Grey Ladies Slip 3/4 | B84: 35 | C84: 3
A85: Hot Gear D. Grey Ladies Tsr | B85: 35 | C85: 3
A86: Hot Gear D. Grey Tsr | B86: 35 | C86: 3
A87: Hot Gear White F/S RN | B87: 35 | C87: 3
A88: Hot Gear White Tsr | B88: 35 | C88: 3
A89: Iifa | B89: 35
A90: Iifa Pant | B90: 0
A91: M.L. Oswal Kashmeera H/N | B91: 35 | C91: 3
A92: M.L. Oswal Kashmeera R/N | B92: 35 | C92: 3
A93: M.L. Oswal Kashmeera Tsr | B93: 35 | C93: 3
A94: M.L. Oswal Kashmeera V/N | B94: 35 | C94: 3
A95: Maestro Casuals Capri C-1 | B95: 35 | C95: 5
A96: Maestro Casuals Flexi T-Shirt R/N | B96: 35 | C96: 12
A97: Maestro Casuals Lower D-1 | B97: 35 | C97: 5
A98: Maestro Casuals Lower D-10 | B98: 35 | C98: 5
A99: Maestro Casuals Lower D-7 | B99: 35 | C99: 5
A100: Maestro Casuals Shorts D-11 | B100: 35 | C100: 5
A101: Maestro Casuals Shorts N-1 | B101: 35 | C101: 5
A102: Maestro Casuals Shorts N-7 | B102: 35 | C102: 5
A103: Maestro Casualz Tshirt RN Fs | B103: 35
A104: Maestro Platinum FUR RN | B104: 35 | C104: 3
A105: Maestro Platinum FUR Tsr | B105: 35 | C105: 3
A106: Maestro Platinum Ladies 3/4 FUR | B106: 35 | C106: 3
A107: Maestro Platinum Ladies Tsr FUR | B107: 35 | C107: 3
A108: Maestro Warmo FUR Gents Lower | B108: 0
A109: Maestro Warmo FUR Gents Lower | B109: 35 | C109: 3
A110: Maestro Warmo FUR Gents RN | B110: 35 | C110: 3
A111: Maestro Warmo FUR SET RN+IE | B111: 58
A112: Maestro Warmo Platinum Black Gents RN | B112: 35 | C112: 5
A113: Maestro Warmo Platinum Black Gents Tsr I/E | B113: 35 | C113: 5
A114: Maestro Warmo Platinum Black Ladies Slip 3/4 | B114: 35 | C114: 5
A115: Maestro Warmo Platinum Black Ladies Tsr I/E | B115: 35 | C115: 5
A116: Matrix 5L Steel Water Jug | B116: 35 | C116: 1
A117: Ml Oswal Hottouch R/N | B117: 35 | C117: 3
A118: Ml Oswal Hottouch Tsr | B118: 35 | C118: 3
A119: Neu Oswal Gents RN | B119: 35 | C119: 3
A120: Neu Oswal Gents Tsr | B120: 35 | C120: 3
A121: Neu Oswal VN | B121: 35 | C121: 3
A122: NUFFAIR ITALIA ICD TRUNK 2 PC | B122: 0
A123: Raa Boys Brief Sk27/IE | B123: 35
A124: Raa Boys Brief Sk27/OE | B124: 35
A125: Raa Boys Trunk Sk28/IE | B125: 35
...

Sheet Sheet4
A1: id | B1: base_name | C1: category | D1: created_at | E1: base_name_nick | F1: BoxMultiple
A2: 04fc4dec-b1fa-4020-95c1-ba152dbf6260 | B2: MAESTRO Casuals SHORTS N-1 | D2: 2026-01-10 16:24:33.294862+00 | E2: Shorts N-1 Piping | F2: 5 | G2: =CONCATENATE("UPDATE products_base SET ""BoxMultiple""=",F2," where id='",A2,"';") -> UPDATE products_base SET "BoxMultiple"=5 where id='04fc4dec-b1fa-4020-95c1-ba152dbf6260';
A3: 1e6cba55-d383-4ce6-82d2-a809ee3b1bfe | B3: MAESTRO Casuals SHORTS D-11 | D3: 2026-01-10 16:24:33.294862+00 | E3: Shorts D-11 Plain | F3: 5 | G3: =CONCATENATE("UPDATE products_base SET ""BoxMultiple""=",F3," where id='",A3,"';") -> UPDATE products_base SET "BoxMultiple"=5 where id='1e6cba55-d383-4ce6-82d2-a809ee3b1bfe';
A4: 6a30e74c-122d-4af8-b4d6-7b3c6d44d3f1 | B4: MAESTRO Casuals LOWER D-10 | D4: 2026-01-10 16:24:33.294862+00 | E4: Lower D-10 Plain | F4: 5 | G4: =CONCATENATE("UPDATE products_base SET ""BoxMultiple""=",F4," where id='",A4,"';") -> UPDATE products_base SET "BoxMultiple"=5 where id='6a30e74c-122d-4af8-b4d6-7b3c6d44d3f1';
A5: a8ffb435-9673-4323-ad0a-f35c52bdba9c | B5: MAESTRO Casuals LOWER D-1 | D5: 2026-01-10 16:24:33.294862+00 | E5: Lower D-1 Piping | F5: 5 | G5: =CONCATENATE("UPDATE products_base SET ""BoxMultiple""=",F5," where id='",A5,"';") -> UPDATE products_base SET "BoxMultiple"=5 where id='a8ffb435-9673-4323-ad0a-f35c52bdba9c';
A6: 6d9c096a-84b3-490c-8e17-7cf2c0baf7e7 | B6: BED SHEET 1+2 | D6: 2026-01-10 16:24:33.294862+00 | F6: 1 | G6: =CONCATENATE("UPDATE products_base SET ""BoxMultiple""=",F6," where id='",A6,"';") -> UPDATE products_base SET "BoxMultiple"=1 where id='6d9c096a-84b3-490c-8e17-7cf2c0baf7e7';
A7: 21ea9f73-fbaa-434a-a43f-7a4a3be5f9fb | B7: BodyGuard FLAIR Gents SET RNFS+I/E | D7: 2026-01-10 16:24:33.294862+00 | F7: 1 | G7: =CONCATENATE("UPDATE products_base SET ""BoxMultiple""=",F7," where id='",A7,"';") -> UPDATE products_base SET "BoxMultiple"=1 where id='21ea9f73-fbaa-434a-a43f-7a4a3be5f9fb';
A8: 65fc7fe1-14f0-4291-93ea-8a84f5ec85a4 | B8: BodyGuard FLAIR Kids SET RNFS+I/E | D8: 2026-01-10 16:24:33.294862+00 | F8: 1 | G8: =CONCATENATE("UPDATE products_base SET ""BoxMultiple""=",F8," where id='",A8,"';") -> UPDATE products_base SET "BoxMultiple"=1 where id='65fc7fe1-14f0-4291-93ea-8a84f5ec85a4';
A9: cc505735-898e-4ad8-8d77-37d997038605 | B9: BodyGuard FLAIR Ladies SET RNFS 3/4+I/E | D9: 2026-01-10 16:24:33.294862+00 | F9: 1 | G9: =CONCATENATE("UPDATE products_base SET ""BoxMultiple""=",F9," where id='",A9,"';") -> UPDATE products_base SET "BoxMultiple"=1 where id='cc505735-898e-4ad8-8d77-37d997038605';
A10: ceb825d5-d3b2-4b74-919c-e75006fce8ba | B10: COMMANDER OSWAL RN | D10: 2026-01-10 16:24:33.294862+00 | F10: 3 | G10: =CONCATENATE("UPDATE products_base SET ""BoxMultiple""=",F10," where id='",A10,"';") -> UPDATE products_base SET "BoxMultiple"=3 where id='ceb825d5-d3b2-4b74-919c-e75006fce8ba';
A11: 82358935-e086-4a42-8969-af1642a66641 | B11: COMMANDER OSWAL TSR | D11: 2026-01-10 16:24:33.294862+00 | F11: 3 | G11: =CONCATENATE("UPDATE products_base SET ""BoxMultiple""=",F11," where id='",A11,"';") -> UPDATE products_base SET "BoxMultiple"=3 where id='82358935-e086-4a42-8969-af1642a66641';
A12: 03ae5e3b-4df4-4ab9-874d-58c3c4ed85d6 | B12: COMMANDER OSWAL VN | D12: 2026-01-10 16:24:33.294862+00 | F12: 3 | G12: =CONCATENATE("UPDATE products_base SET ""BoxMultiple""=",F12," where id='",A12,"';") -> UPDATE products_base SET "BoxMultiple"=3 where id='03ae5e3b-4df4-4ab9-874d-58c3c4ed85d6';
A13: 8b2db25a-8974-4a3d-85e2-27fd342a880b | B13: Divya HOT C/W Dark PARKER R/N | D13: 2026-01-10 16:24:33.294862+00 | F13: 3 | G13: =CONCATENATE("UPDATE products_base SET ""BoxMultiple""=",F13," where id='",A13,"';") -> UPDATE products_base SET "BoxMultiple"=3 where id='8b2db25a-8974-4a3d-85e2-27fd342a880b';
A14: 68543e72-eb7a-447b-9b38-828e6ee185b7 | B14: Divya HOT C/W Dark PARKER TSR | D14: 2026-01-10 16:24:33.294862+00 | F14: 3 | G14: =CONCATENATE("UPDATE products_base SET ""BoxMultiple""=",F14," where id='",A14,"';") -> UPDATE products_base SET "BoxMultiple"=3 where id='68543e72-eb7a-447b-9b38-828e6ee185b7';
A15: 5243118f-3b36-4c2f-9939-5800099b5893 | B15: Divya HOT C/W Dark PARKER V/N | D15: 2026-01-10 16:24:33.294862+00 | F15: 3 | G15: =CONCATENATE("UPDATE products_base SET ""BoxMultiple""=",F15," where id='",A15,"';") -> UPDATE products_base SET "BoxMultiple"=3 where id='5243118f-3b36-4c2f-9939-5800099b5893';
A16: 648d0ff7-ff8c-46d5-8e7d-da0df09148ae | B16: DIVYA HOT C/W DARK SET U/L | D16: 2026-01-10 16:24:33.294862+00 | F16: 1 | G16: =CONCATENATE("UPDATE products_base SET ""BoxMultiple""=",F16," where id='",A16,"';") -> UPDATE products_base SET "BoxMultiple"=1 where id='648d0ff7-ff8c-46d5-8e7d-da0df09148ae';
A17: 9cc71e71-1c7f-454b-9564-f77bb4c6e4c3 | B17: DIVYA HOT COTTSWOOL DARK BLACK H/N | D17: 2026-01-10 16:24:33.294862+00 | F17: 3 | G17: =CONCATENATE("UPDATE products_base SET ""BoxMultiple""=",F17," where id='",A17,"';") -> UPDATE products_base SET "BoxMultiple"=3 where id='9cc71e71-1c7f-454b-9564-f77bb4c6e4c3';
... A79: c2f5e90d-9bd1-4955-aed2-bed0571facb0 | B79: NEU OSWAL VN | D79: 2026-01-10 16:24:33.294862+00 | F79: 3 | G79: =CONCATENATE("UPDATE products_base SET ""BoxMultiple""=",F79," where id='",A79,"';") -> UPDATE products_base SET "BoxMultiple"=3 where id='c2f5e90d-9bd1-4955-aed2-bed0571facb0';
